{"optimization_overhead": 201.43845319747925, "runtime": 3547.192694425583, "incumbent": [-2.6194583728899605, -3.747296921253871], "time_func_eval": 1276.6289961338043, "iteration": 5}