{"optimization_overhead": 206.3134024143219, "runtime": 678.5697135925293, "incumbent": [-2.6194583728899605, -3.747296921253871], "time_func_eval": 206.31140232086182, "iteration": 1}