{"optimization_overhead": 469.32587814331055, "runtime": 1601.0509769916534, "incumbent": [-2.6194583728899605, -3.747296921253871], "time_func_eval": 469.3248941898346, "iteration": 3}