{"optimization_overhead": 453.1393859386444, "runtime": 1131.7141001224518, "incumbent": [-2.6194583728899605, -3.747296921253871], "time_func_eval": 453.1373872756958, "iteration": 2}