{"optimization_overhead": 468.05825662612915, "runtime": 2069.1142432689667, "incumbent": [-2.6194583728899605, -3.747296921253871], "time_func_eval": 468.05628180503845, "iteration": 4}