{"optimization_overhead": 987.080500125885, "runtime": 987.0815000534058, "incumbent": [0.9762700785464951, 4.30378732744839], "time_func_eval": 987.0779123306274, "iteration": 0}